[
    {
        "model": "core_root_api_job_api.Job",
        "pk": 1,
        "fields": {
            "title": "Software Engineer",
            "company_name": "Microsoft",
            "monthly_salary": "26K - 30K Monthly",
            "description": "Experienced in Node.Js, Java, Spring, Bootstrap, Python and Selenium integration and Unit Testing",
            "location": "Poland",
            "no_of_opening": 30,
            "application_starting_date": "2024-04-24T00:00:00Z",
            "application_ending_date": "2024-04-30T00:00:00Z"
        }
    },
    {
        "model": "core_root_api_job_api.Job",
        "pk": 2,
        "fields": {
            "title": "Mobile App Engineer",
            "company_name": "Microsoft",
            "monthly_salary": "8K - 10K Monthly",
            "description": "Experienced in Flutter or React Native for building a startup app",
            "location": "USA",
            "no_of_opening": 10,
            "application_starting_date": "2024-04-24T00:00:00Z",
            "application_ending_date": "2024-04-30T00:00:00Z"
        }
    },
    {
        "model": "core_root_api_job_api.Job",
        "pk": 3,
        "fields": {
            "title": "Mobile App Developer needed in Binance",
            "company_name": "Binance",
            "monthly_salary": "50K - 100K Monthly",
            "description": "Binance is looking for senior mobile app developer with at least 10 years of experience building cross platform applications with Flutter, Firebase, and React Native. The role is remote based and requires attending yearly meetings.",
            "location": "USA",
            "no_of_opening": 10,
            "application_starting_date": "2024-04-24T00:00:00Z",
            "application_ending_date": "2024-04-30T00:00:00Z"
        }
    },
    {
        "model": "core_root_api_job_api.Job",
        "pk": 4,
        "fields": {
            "title": "Backend Developer",
            "company_name": "Google",
            "monthly_salary": "30K - 40K Monthly",
            "description": "Experienced in Django, FastAPI, and PostgreSQL",
            "location": "USA",
            "no_of_opening": 15,
            "application_starting_date": "2024-04-24T00:00:00Z",
            "application_ending_date": "2024-05-01T00:00:00Z"
        }
    }
   
]
